<?xml version="1.0" encoding="UTF-8"?>

<keyboard>

<options>
<!-- not yet implemented -->
</options>


<layout id="default keyboard">


  <row>

    <key fill="true">
          <default display="Esc" action="escape" />
    </key>
    <key>
	  <default display="`" />
	  <shifted display="~" />
    </key>
    <key>
	  <default display="1" />                
	  <shifted display="!" />
    </key>
    <key>
	  <default display="2" />                
	  <shifted display='@' />
          <mod1    display="½" />
    </key>
    <key>
	  <default display="3" />
	  <shifted display="#" />
          <mod1    display="¾" />               
    </key>
    <key>
	  <default display="4" />
	  <shifted display="$" />                
    </key>
    <key>
	  <default display="5" />
	  <shifted display="%" />                
    </key>
    <key>
	  <default display="6" />
	  <shifted display="^" />                
    </key>
    <key>
	  <default display="7" />
	  <shifted display="&amp;" />                
    </key>
    <key>
	  <default display="8" />
	  <shifted display="*" />                
    </key>
    <key>
	  <default display="9" />
	  <shifted display="(" />                
    </key>
    <key>
	  <default display="0" />
	  <shifted display=")" />                
    </key>
    <key>
	  <default display="-" />
	  <shifted display="_" />                
    </key>
    <key>
	  <default display="=" />
	  <shifted display="+" />                
    </key>

    <key fill="true">
         <default display="Bksp" action="backspace"/>
    </key>


  </row>
  <row>


    <key fill="true">
          <default display="Tab" action="tab"/>
    </key>
    <key obey-caps='true'>
	  <default display="q" />                
	  <shifted display="Q" />
    </key>
    <key obey-caps='true'>
	  <default display="w" />                
	  <shifted display="W" />
    </key>
    <key obey-caps='true'>
	  <default display="e" />                
	  <shifted display="E" />
    </key>
    <key obey-caps='true'>
	  <default display="r" />                
	  <shifted display="R" />
    </key>
    <key obey-caps='true'>
	  <default display="t" />                
	  <shifted display="T" />
    </key>
    <key obey-caps='true'>
	  <default display="y" />                
	  <shifted display="Y" />
    </key>
    <key obey-caps='true'>
	  <default display="u" />                
	  <shifted display="U" />
    </key>
    <key obey-caps='true'>
	  <default display="i" />                
	  <shifted display="I" />
    </key>
    <key obey-caps='true'>
	  <default display="o" />                
	  <shifted display="O" />
    </key>
    <key obey-caps='true'>
	  <default display="p" />                
	  <shifted display="P" />
    </key>
    <key>
	  <default display="{" />                
	  <shifted display="[" />
    </key>
    <key>
	  <default display="}" />                
	  <shifted display="]" />
    </key>
    <key fill="true">
	  <default display="\" />                
	  <shifted display="|" />
    </key>

  </row>
  <row>


    <key fill="true">
	  <default display="Caps" action="modifier:caps"/>                
    </key>
    <key obey-caps='true'>
	  <default display="a" />                
	  <shifted display="A" />
    </key>
    <key obey-caps='true'>
	  <default display="s" />                
	  <shifted display="S" />
    </key>
    <key obey-caps='true'>
	  <default display="d" />                
	  <shifted display="D" />
    </key>
    <key obey-caps='true'>
	  <default display="f" />                
	  <shifted display="F" />
    </key>
    <key obey-caps='true'>
	  <default display="g" />                
	  <shifted display="G" />
    </key>
    <key obey-caps='true'>
	  <default display="h" />                
	  <shifted display="H" />
    </key>
    <key obey-caps='true'>
	  <default display="j" />                
	  <shifted display="J" />
    </key>
    <key obey-caps='true'>
	  <default display="k" />                
	  <shifted display="K" />
    </key>
    <key obey-caps='true'>
	  <default display="l" />                
	  <shifted display="L" />
    </key>
    <key>
	  <default display=";" />                
	  <shifted display=":" />
    </key>
    <key>
	  <default display="'" />                
	  <shifted display="&#34;" />
    </key>
    <key fill="true">
          <default display="Enter" action="return"/>
    </key>



  </row>
  <row>


    <key fill="true">
	  <default display="Shift" action="modifier:shift"/>                
    </key>

    <key obey-caps='true'>
	  <default display="z" />                
	  <shifted display="Z" />
    </key>

    <key obey-caps='true'>
	  <default display="x" />                
	  <shifted display="X" />
    </key>

    <key obey-caps='true'>
	  <default display="c" />                
	  <shifted display="C" />
    </key>

    <key obey-caps='true'>
	  <default display="v" />                
	  <shifted display="V" />
    </key>

    <key obey-caps='true'>
	  <default display="b" />                
	  <shifted display="B" />
    </key>

    <key obey-caps='true'>
	  <default display="n" />                
	  <shifted display="N" />
    </key>

    <key obey-caps='true'>
	  <default display="m" />                
	  <shifted display="M" />
    </key>

    <key>
	  <default display="," />                
	  <shifted display="&lt;" />
    </key>
    <key>
	  <default display="." />                
	  <shifted display="&gt;" />
    </key>
    <key>
	  <default display="/" />                
	  <shifted display="?" />
    </key>


    <key fill="true">
	  <default display="Shift" action="modifier:shift"/>                
    </key>


 </row>
  <row>

<!--
    <key>
	  <default display="Func" action="modifier:mod1"/>                
    </key>
-->

    <key fill="true">
	  <default display="Ctrl" action="modifier:ctrl"/>                
    </key>

    <key>
	  <default display="Alt" action="modifier:alt"/>                
    </key>


    <key width="12000">
	  <default display=" " action="space" />                
    </key>

    <key>
	  <default display="@" />                
	  <shifted display="'" />
    </key>

    <key>
	  <default display="↑" action="up" />                
    </key>
    <key>
	  <default display="↓" action="down" />                
    </key>
    <key>
	  <default display="←" action="left" />                
    </key>
    <key>
	  <default display="→" action="right" />                
    </key>


</row>

</layout>

</keyboard>
